domain,reference_text,student_answer,expected_level,failure_mode,pred_embedding,pred_llm,correct_embedding,correct_llm
Mô hình OSI,"Mô hình OSI (Open Systems Interconnection) gồm 7 tầng, từ tầng Vật lý đến tầng Ứng dụng.","Mô hình OSI có bảy tầng, bắt đầu từ tầng Vật lý và kết thúc ở tầng Ứng dụng.",Very Good,paraphrase,Very Good,Very Good,True,True
Mô hình OSI,"Mô hình OSI (Open Systems Interconnection) gồm 7 tầng, từ tầng Vật lý đến tầng Ứng dụng.",Mô hình OSI có nhiều tầng khác nhau để tổ chức việc truyền dữ liệu trên mạng.,Partially Relevant,incomplete,Partially Relevant,Partially Relevant,True,True
Mô hình OSI,"Mô hình OSI (Open Systems Interconnection) gồm 7 tầng, từ tầng Vật lý đến tầng Ứng dụng.",Mô hình OSI chỉ gồm 4 tầng chính.,Not Related,numeric,Partially Relevant,Not Related,False,True
Giao thức TCP,"TCP là giao thức hướng kết nối (connection-oriented), đảm bảo dữ liệu được truyền đến đích một cách tin cậy.",TCP thiết lập kết nối trước khi truyền dữ liệu và đảm bảo độ tin cậy trong quá trình truyền.,Very Good,paraphrase,Very Good,Very Good,True,True
Giao thức TCP,"TCP là giao thức hướng kết nối (connection-oriented), đảm bảo dữ liệu được truyền đến đích một cách tin cậy.",TCP là một giao thức được dùng để truyền dữ liệu trên Internet.,Partially Relevant,incomplete,Very Good,Partially Relevant,False,True
Giao thức TCP,"TCP là giao thức hướng kết nối (connection-oriented), đảm bảo dữ liệu được truyền đến đích một cách tin cậy.",TCP không phải là giao thức hướng kết nối.,Not Related,negation,Not Related,Partially Relevant,True,False
An toàn thông tin (CIA),"Ba yếu tố cơ bản của an toàn thông tin là tính bí mật, tính toàn vẹn và tính sẵn sàng.","An toàn thông tin cần đảm bảo tính bí mật, toàn vẹn và sẵn sàng của dữ liệu.",Very Good,paraphrase,Very Good,Very Good,True,True
An toàn thông tin (CIA),"Ba yếu tố cơ bản của an toàn thông tin là tính bí mật, tính toàn vẹn và tính sẵn sàng.",An toàn thông tin liên quan đến việc bảo vệ dữ liệu khỏi truy cập trái phép.,Partially Relevant,incomplete,Partially Relevant,Partially Relevant,True,True
An toàn thông tin (CIA),"Ba yếu tố cơ bản của an toàn thông tin là tính bí mật, tính toàn vẹn và tính sẵn sàng.","Ba yếu tố cơ bản của an toàn thông tin là tốc độ, chi phí và giao diện.",Not Related,wrong,Partially Relevant,Not Related,False,True
Mã hóa bất đối xứng,"Trong mã hóa bất đối xứng, khóa công khai dùng để mã hóa, khóa bí mật dùng để giải mã.",Mã hóa bất đối xứng sử dụng khóa công khai để mã hóa dữ liệu và khóa riêng để giải mã.,Very Good,paraphrase,Very Good,Very Good,True,True
Mã hóa bất đối xứng,"Trong mã hóa bất đối xứng, khóa công khai dùng để mã hóa, khóa bí mật dùng để giải mã.",Mã hóa bất đối xứng sử dụng một cặp khóa để bảo mật dữ liệu.,Partially Relevant,incomplete,Very Good,Partially Relevant,False,True
Mã hóa bất đối xứng,"Trong mã hóa bất đối xứng, khóa công khai dùng để mã hóa, khóa bí mật dùng để giải mã.","Trong mã hóa bất đối xứng, khóa bí mật dùng để mã hóa, khóa công khai dùng để giải mã.",Not Related,antonym,Very Good,Partially Relevant,False,False
Process vs Thread,"Process là một chương trình đang thực thi, sở hữu không gian bộ nhớ riêng; Thread là đơn vị thực thi nhỏ hơn trong process, chia sẻ bộ nhớ với các thread khác trong cùng process.","Process có vùng nhớ độc lập, còn thread nằm trong process và dùng chung bộ nhớ với các thread khác.",Very Good,paraphrase,Very Good,Very Good,True,True
Process vs Thread,"Process là một chương trình đang thực thi, sở hữu không gian bộ nhớ riêng; Thread là đơn vị thực thi nhỏ hơn trong process, chia sẻ bộ nhớ với các thread khác trong cùng process.",Process và thread đều liên quan đến việc chương trình được thực thi trên hệ điều hành.,Partially Relevant,incomplete,Very Good,Partially Relevant,False,True
Process vs Thread,"Process là một chương trình đang thực thi, sở hữu không gian bộ nhớ riêng; Thread là đơn vị thực thi nhỏ hơn trong process, chia sẻ bộ nhớ với các thread khác trong cùng process.","Thread sở hữu vùng nhớ riêng biệt, còn các process trong cùng một thread thì chia sẻ bộ nhớ với nhau.",Not Related,antonym,Very Good,Partially Relevant,False,False
Deadlock,"Deadlock xảy ra khi đồng thời thỏa mãn 4 điều kiện: loại trừ lẫn nhau, giữ và chờ, không thu hồi được tài nguyên, và chờ đợi vòng tròn.","Deadlock xuất hiện khi bốn điều kiện: mutual exclusion, hold and wait, no preemption, và circular wait cùng xảy ra.",Very Good,paraphrase,Not Related,Very Good,False,True
Deadlock,"Deadlock xảy ra khi đồng thời thỏa mãn 4 điều kiện: loại trừ lẫn nhau, giữ và chờ, không thu hồi được tài nguyên, và chờ đợi vòng tròn.",Deadlock là tình trạng các tiến trình chờ đợi lẫn nhau mãi mãi.,Partially Relevant,incomplete,Not Related,Partially Relevant,False,True
Deadlock,"Deadlock xảy ra khi đồng thời thỏa mãn 4 điều kiện: loại trừ lẫn nhau, giữ và chờ, không thu hồi được tài nguyên, và chờ đợi vòng tròn.",Deadlock chỉ xảy ra khi thỏa mãn đồng thời 2 điều kiện.,Not Related,numeric,Not Related,Partially Relevant,True,False
Chuẩn hóa CSDL,Chuẩn hóa cơ sở dữ liệu (normalization) là quá trình tổ chức dữ liệu nhằm giảm thiểu dư thừa và tránh các bất thường khi cập nhật.,Chuẩn hóa dữ liệu giúp loại bỏ dữ liệu trùng lặp và hạn chế lỗi khi thao tác cập nhật.,Very Good,paraphrase,Very Good,Partially Relevant,True,False
Chuẩn hóa CSDL,Chuẩn hóa cơ sở dữ liệu (normalization) là quá trình tổ chức dữ liệu nhằm giảm thiểu dư thừa và tránh các bất thường khi cập nhật.,Chuẩn hóa liên quan đến việc thiết kế các bảng trong cơ sở dữ liệu.,Partially Relevant,incomplete,Partially Relevant,Partially Relevant,True,True
Chuẩn hóa CSDL,Chuẩn hóa cơ sở dữ liệu (normalization) là quá trình tổ chức dữ liệu nhằm giảm thiểu dư thừa và tránh các bất thường khi cập nhật.,Chuẩn hóa cơ sở dữ liệu không nhằm mục đích giảm dư thừa dữ liệu.,Not Related,negation,Not Related,Not Related,True,True
Tính chất ACID,"ACID gồm 4 tính chất: Atomicity, Consistency, Isolation, Durability, đảm bảo giao dịch cơ sở dữ liệu đáng tin cậy.","Bốn tính chất ACID (tính nguyên tử, nhất quán, cô lập, bền vững) đảm bảo độ tin cậy của giao dịch.",Very Good,paraphrase,Very Good,Very Good,True,True
Tính chất ACID,"ACID gồm 4 tính chất: Atomicity, Consistency, Isolation, Durability, đảm bảo giao dịch cơ sở dữ liệu đáng tin cậy.",ACID là tập hợp các tính chất quan trọng của giao dịch cơ sở dữ liệu.,Partially Relevant,incomplete,Partially Relevant,Partially Relevant,True,True
Tính chất ACID,"ACID gồm 4 tính chất: Atomicity, Consistency, Isolation, Durability, đảm bảo giao dịch cơ sở dữ liệu đáng tin cậy.",ACID chỉ gồm 3 tính chất chính.,Not Related,numeric,Partially Relevant,Partially Relevant,False,False
Độ phức tạp thuật toán,Thuật toán tìm kiếm nhị phân (binary search) có độ phức tạp thời gian O(log n) trên mảng đã sắp xếp.,Binary search chạy với độ phức tạp O(log n) khi áp dụng trên dữ liệu đã được sắp xếp.,Very Good,paraphrase,Very Good,Very Good,True,True
Độ phức tạp thuật toán,Thuật toán tìm kiếm nhị phân (binary search) có độ phức tạp thời gian O(log n) trên mảng đã sắp xếp.,Binary search là thuật toán tìm kiếm nhanh hơn tìm kiếm tuần tự.,Partially Relevant,incomplete,Very Good,Partially Relevant,False,True
Độ phức tạp thuật toán,Thuật toán tìm kiếm nhị phân (binary search) có độ phức tạp thời gian O(log n) trên mảng đã sắp xếp.,Binary search có độ phức tạp O(n) trên mảng đã sắp xếp.,Not Related,numeric,Very Good,Partially Relevant,False,False
Stack vs Queue,"Stack hoạt động theo nguyên tắc LIFO (vào sau ra trước), còn Queue hoạt động theo nguyên tắc FIFO (vào trước ra trước).",Stack tuân theo LIFO trong khi Queue tuân theo FIFO.,Very Good,paraphrase,Very Good,Very Good,True,True
Stack vs Queue,"Stack hoạt động theo nguyên tắc LIFO (vào sau ra trước), còn Queue hoạt động theo nguyên tắc FIFO (vào trước ra trước).",Stack và Queue là hai cấu trúc dữ liệu tuyến tính phổ biến.,Partially Relevant,incomplete,Partially Relevant,Partially Relevant,True,True
Stack vs Queue,"Stack hoạt động theo nguyên tắc LIFO (vào sau ra trước), còn Queue hoạt động theo nguyên tắc FIFO (vào trước ra trước).","Stack hoạt động theo nguyên tắc FIFO, còn Queue hoạt động theo nguyên tắc LIFO.",Not Related,antonym,Very Good,Not Related,False,True
AI/ML/DL,"Deep Learning là một nhánh của Machine Learning, và Machine Learning là một nhánh của Trí tuệ Nhân tạo.","Deep Learning nằm trong Machine Learning, và Machine Learning nằm trong Trí tuệ Nhân tạo, theo quan hệ bao hàm từ hẹp đến rộng.",Very Good,paraphrase,Very Good,Very Good,True,True
AI/ML/DL,"Deep Learning là một nhánh của Machine Learning, và Machine Learning là một nhánh của Trí tuệ Nhân tạo.","AI, ML và DL đều là các khái niệm liên quan đến việc máy tính học hỏi từ dữ liệu.",Partially Relevant,incomplete,Partially Relevant,Partially Relevant,True,True
AI/ML/DL,"Deep Learning là một nhánh của Machine Learning, và Machine Learning là một nhánh của Trí tuệ Nhân tạo.",Trí tuệ Nhân tạo là một nhánh nhỏ nằm bên trong Machine Learning.,Not Related,antonym,Very Good,Partially Relevant,False,False
Agile vs Waterfall,"Waterfall là mô hình phát triển phần mềm tuần tự, từng giai đoạn hoàn thành trước khi chuyển sang giai đoạn tiếp theo; Agile là mô hình phát triển lặp và linh hoạt, cho phép thay đổi yêu cầu trong suốt quá trình.","Waterfall thực hiện tuần tự từng bước, còn Agile phát triển theo chu kỳ lặp và linh hoạt với thay đổi yêu cầu.",Very Good,paraphrase,Very Good,Very Good,True,True
Agile vs Waterfall,"Waterfall là mô hình phát triển phần mềm tuần tự, từng giai đoạn hoàn thành trước khi chuyển sang giai đoạn tiếp theo; Agile là mô hình phát triển lặp và linh hoạt, cho phép thay đổi yêu cầu trong suốt quá trình.",Agile và Waterfall là hai mô hình phát triển phần mềm phổ biến.,Partially Relevant,incomplete,Very Good,Partially Relevant,False,True
Agile vs Waterfall,"Waterfall là mô hình phát triển phần mềm tuần tự, từng giai đoạn hoàn thành trước khi chuyển sang giai đoạn tiếp theo; Agile là mô hình phát triển lặp và linh hoạt, cho phép thay đổi yêu cầu trong suốt quá trình.","Waterfall là mô hình linh hoạt cho phép thay đổi liên tục, còn Agile thực hiện tuần tự từng giai đoạn.",Not Related,antonym,Very Good,Partially Relevant,False,False
